{
    "rmse": 5858.450956938148,
    "mae": 4310.510069395274,
    "r2": 0.7789260673175409
}