{
    "rmse": 9601.280029246518,
    "mae": 92184578.20000802,
    "r2": 0.4062136462294198
}